Sentiment,AvgLikes,AvgRetweets
Negative,86.45588235294117,26.5
Positive,77.0909090909091,23.393939393939394
Neutral,74.21212121212122,27.393939393939394
