AgeGroup,AvgLikes,AvgRetweets
Adult,86.33333333333333,27.016666666666666
Senior,79.69014084507042,24.87323943661972
Teen,72.85507246376811,25.608695652173914
